route,before_component,after_component,after_destination,evidence_type
"/","HomeHrt3","HomeHrt3","/","matched before/after screenshots"
"/arizona","LocationArizona","LocationArizona","/arizona","matched before/after screenshots"
"/arizona/chandler","LocationChandlerAZ","LocationChandlerAZ","/arizona/chandler","matched before/after screenshots"
"/arizona/fountain-hills","LocationFountainHillsAZ","LocationFountainHillsAZ","/arizona/fountain-hills","matched before/after screenshots"
"/arizona/gilbert","LocationGilbertAZ","LocationGilbertAZ","/arizona/gilbert","matched before/after screenshots"
"/arizona/paradise-valley","LocationParadiseValleyAZ","LocationParadiseValleyAZ","/arizona/paradise-valley","matched before/after screenshots"
"/arizona/peoria","LocationPeoriaAZ","LocationPeoriaAZ","/arizona/peoria","matched before/after screenshots"
"/arizona/prescott","LocationPrescottAZ","LocationPrescottAZ","/arizona/prescott","matched before/after screenshots"
"/arizona/queen-creek","LocationQueenCreekAZ","LocationQueenCreekAZ","/arizona/queen-creek","matched before/after screenshots"
"/arizona/scottsdale","LocationScottsdaleAZ","LocationScottsdaleAZ","/arizona/scottsdale","matched before/after screenshots"
"/arizona/surprise","LocationSurpriseAZ","LocationSurpriseAZ","/arizona/surprise","matched before/after screenshots"
"/arizona/tempe","LocationTempeAZ","LocationTempeAZ","/arizona/tempe","matched before/after screenshots"
"/arizona/tucson","LocationTucsonAZ","LocationTucsonAZ","/arizona/tucson","matched before/after screenshots"
"/before-you-start-treatment","BeforeYouStartTreatment","HTTP 301 redirect","/","before screenshot + redirect proof + destination screenshot"
"/blog","BlogIndex","BlogIndex","/blog","matched before/after screenshots"
"/blog/hormone-therapy-weight-sleep-metabolism","BlogPost","BlogPost","/blog/hormone-therapy-weight-sleep-metabolism","matched before/after screenshots"
"/blog/putting-yourself-last-has-to-change","BlogPost","BlogPost","/blog/putting-yourself-last-has-to-change","matched before/after screenshots"
"/blog/semaglutide-vs-tirzepatide-women-midlife","BlogPost","HTTP 301 redirect","/blog","before screenshot + redirect proof + destination screenshot"
"/blog/why-weight-gain-feels-different-in-menopause","BlogPost","BlogPost","/blog/why-weight-gain-feels-different-in-menopause","matched before/after screenshots"
"/colorado","LocationColorado","LocationColorado","/colorado","matched before/after screenshots"
"/colorado/boulder","LocationBoulderCO","LocationBoulderCO","/colorado/boulder","matched before/after screenshots"
"/colorado/castle-rock","LocationCastleRockCO","LocationCastleRockCO","/colorado/castle-rock","matched before/after screenshots"
"/colorado/colorado-springs","LocationColoradoSpringsCO","LocationColoradoSpringsCO","/colorado/colorado-springs","matched before/after screenshots"
"/colorado/denver","LocationDenverCO","LocationDenverCO","/colorado/denver","matched before/after screenshots"
"/colorado/fort-collins","LocationFortCollinsCO","LocationFortCollinsCO","/colorado/fort-collins","matched before/after screenshots"
"/colorado/greenwood-village","LocationGreenwoodVillageCO","LocationGreenwoodVillageCO","/colorado/greenwood-village","matched before/after screenshots"
"/colorado/highlands-ranch","LocationHighlandsRanchCO","LocationHighlandsRanchCO","/colorado/highlands-ranch","matched before/after screenshots"
"/colorado/longmont","LocationLongmontCO","LocationLongmontCO","/colorado/longmont","matched before/after screenshots"
"/colorado/loveland","LocationLovelandCO","LocationLovelandCO","/colorado/loveland","matched before/after screenshots"
"/colorado/parker","LocationParkerCO","LocationParkerCO","/colorado/parker","matched before/after screenshots"
"/colorado/steamboat-springs","LocationSteamboatSpringsCO","LocationSteamboatSpringsCO","/colorado/steamboat-springs","matched before/after screenshots"
"/discovery-call","DiscoveryCall","DiscoveryCall","/discovery-call","matched before/after screenshots"
"/dr-aldeek-booking","DrAldeekBooking","DrAldeekBooking","/dr-aldeek-booking","matched before/after screenshots"
"/florida","LocationFlorida","LocationFlorida","/florida","matched before/after screenshots"
"/florida/boca-raton","LocationBocaRaton","LocationBocaRaton","/florida/boca-raton","matched before/after screenshots"
"/florida/jupiter","LocationJupiterFL","LocationJupiterFL","/florida/jupiter","matched before/after screenshots"
"/florida/marco-island","LocationMarcoIslandFL","LocationMarcoIslandFL","/florida/marco-island","matched before/after screenshots"
"/florida/miami","LocationMiami","LocationMiami","/florida/miami","matched before/after screenshots"
"/florida/naples","LocationNaples","LocationNaples","/florida/naples","matched before/after screenshots"
"/florida/palm-beach-gardens","LocationPalmBeachGardensFL","LocationPalmBeachGardensFL","/florida/palm-beach-gardens","matched before/after screenshots"
"/florida/ponte-vedra","LocationPonteVedraFL","LocationPonteVedraFL","/florida/ponte-vedra","matched before/after screenshots"
"/florida/sarasota","LocationSarasota","LocationSarasota","/florida/sarasota","matched before/after screenshots"
"/florida/tampa","LocationTampa","LocationTampa","/florida/tampa","matched before/after screenshots"
"/florida/vero-beach","LocationVeroBeachFL","LocationVeroBeachFL","/florida/vero-beach","matched before/after screenshots"
"/guide/how-it-works","dynamic/manual","HTTP 301 redirect","/","before screenshot + redirect proof + destination screenshot"
"/home-2","Home2","dynamic/manual","/home-2","matched before/after screenshots"
"/home-3","Home","dynamic/manual","/home-3","matched before/after screenshots"
"/locations","Locations","Locations","/locations","matched before/after screenshots"
"/lp/glp1","dynamic/manual","HTTP 301 redirect","/lp/WL","before screenshot + redirect proof + destination screenshot"
"/lp/hrt","LpHrt","HTTP 301 redirect","/lp/hrt3","before screenshot + redirect proof + destination screenshot"
"/lp/hrt2","LpHrt2","LpHrt2","/lp/hrt2","matched before/after screenshots"
"/lp/hrt3","LpHrt3","LpHrt3","/lp/hrt3","matched before/after screenshots"
"/lp/WL","LpGlp1","LpGlp1","/lp/WL","matched before/after screenshots"
"/lp/WL2","LpWL2","LpWL2","/lp/WL2","matched before/after screenshots"
"/male","dynamic/manual","HTTP 301 redirect","/","before screenshot + redirect proof + destination screenshot"
"/maryland","LocationMaryland","LocationMaryland","/maryland","matched before/after screenshots"
"/maryland/annapolis","LocationAnnapolisMD","LocationAnnapolisMD","/maryland/annapolis","matched before/after screenshots"
"/maryland/bel-air","LocationBelAirMD","LocationBelAirMD","/maryland/bel-air","matched before/after screenshots"
"/maryland/bethesda","LocationBethesda","LocationBethesda","/maryland/bethesda","matched before/after screenshots"
"/maryland/chevy-chase","LocationChevyChase","LocationChevyChase","/maryland/chevy-chase","matched before/after screenshots"
"/maryland/chevy-chase-md","LocationChevyChaseMD","LocationChevyChaseMD","/maryland/chevy-chase-md","matched before/after screenshots"
"/maryland/easton","LocationEastonMD","LocationEastonMD","/maryland/easton","matched before/after screenshots"
"/maryland/ellicott-city","LocationEllicottCityMD","LocationEllicottCityMD","/maryland/ellicott-city","matched before/after screenshots"
"/maryland/frederick","LocationFrederickMD","LocationFrederickMD","/maryland/frederick","matched before/after screenshots"
"/maryland/potomac","LocationPotomac","LocationPotomac","/maryland/potomac","matched before/after screenshots"
"/maryland/rockville","LocationRockville","LocationRockville","/maryland/rockville","matched before/after screenshots"
"/maryland/silver-spring","LocationSilverSpring","LocationSilverSpring","/maryland/silver-spring","matched before/after screenshots"
"/north-carolina","LocationNorthCarolina","LocationNorthCarolina","/north-carolina","matched before/after screenshots"
"/north-carolina/apex","LocationApexNC","LocationApexNC","/north-carolina/apex","matched before/after screenshots"
"/north-carolina/asheville","LocationAshevilleNC","LocationAshevilleNC","/north-carolina/asheville","matched before/after screenshots"
"/north-carolina/cary","LocationCaryNC","LocationCaryNC","/north-carolina/cary","matched before/after screenshots"
"/north-carolina/chapel-hill","LocationChapelHillNC","LocationChapelHillNC","/north-carolina/chapel-hill","matched before/after screenshots"
"/north-carolina/charlotte","LocationCharlotteNC","LocationCharlotteNC","/north-carolina/charlotte","matched before/after screenshots"
"/north-carolina/mooresville","LocationMooresvilleNC","LocationMooresvilleNC","/north-carolina/mooresville","matched before/after screenshots"
"/north-carolina/pinehurst","LocationPinehurstNC","LocationPinehurstNC","/north-carolina/pinehurst","matched before/after screenshots"
"/north-carolina/raleigh","LocationRaleighNC","LocationRaleighNC","/north-carolina/raleigh","matched before/after screenshots"
"/north-carolina/southern-pines","LocationSouthernPinesNC","LocationSouthernPinesNC","/north-carolina/southern-pines","matched before/after screenshots"
"/north-carolina/waxhaw","LocationWaxhawNC","LocationWaxhawNC","/north-carolina/waxhaw","matched before/after screenshots"
"/north-carolina/wilmington","LocationWilmingtonNC","LocationWilmingtonNC","/north-carolina/wilmington","matched before/after screenshots"
"/pennsylvania/doylestown","LocationDoylestownPA","LocationDoylestownPA","/pennsylvania/doylestown","matched before/after screenshots"
"/pennsylvania/horsham","LocationHorshamPA","LocationHorshamPA","/pennsylvania/horsham","matched before/after screenshots"
"/pennsylvania/kennett-square","LocationKennettSquarePA","LocationKennettSquarePA","/pennsylvania/kennett-square","matched before/after screenshots"
"/pennsylvania/lansdale","LocationLansdalePA","LocationLansdalePA","/pennsylvania/lansdale","matched before/after screenshots"
"/pennsylvania/malvern","LocationMalvernPA","LocationMalvernPA","/pennsylvania/malvern","matched before/after screenshots"
"/pennsylvania/newtown","LocationNewtownPA","LocationNewtownPA","/pennsylvania/newtown","matched before/after screenshots"
"/pennsylvania/newtown-square","LocationNewtownSquarePA","LocationNewtownSquarePA","/pennsylvania/newtown-square","matched before/after screenshots"
"/pennsylvania/philadelphia","LocationPhiladelphiaPA","LocationPhiladelphiaPA","/pennsylvania/philadelphia","matched before/after screenshots"
"/pennsylvania/pittsburgh","LocationPittsburghPA","LocationPittsburghPA","/pennsylvania/pittsburgh","matched before/after screenshots"
"/pennsylvania/wayne","LocationWaynePA","LocationWaynePA","/pennsylvania/wayne","matched before/after screenshots"
"/pennsylvania/west-chester","LocationWestChesterPA","LocationWestChesterPA","/pennsylvania/west-chester","matched before/after screenshots"
"/pricing-guide","dynamic/manual","HTTP 301 redirect","/","before screenshot + redirect proof + destination screenshot"
"/start/women","StartWomen","StartWomen","/","before screenshot + redirect proof + destination screenshot"
"/terms","TermsOfService","TermsOfService","/terms","matched before/after screenshots"
"/texas","LocationTexas","LocationTexas","/texas","matched before/after screenshots"
"/texas/austin","LocationAustinTX","LocationAustinTX","/texas/austin","matched before/after screenshots"
"/texas/dallas","LocationDallasTX","LocationDallasTX","/texas/dallas","matched before/after screenshots"
"/texas/frisco","LocationFriscoTX","LocationFriscoTX","/texas/frisco","matched before/after screenshots"
"/texas/houston","LocationHoustonTX","LocationHoustonTX","/texas/houston","matched before/after screenshots"
"/texas/mckinney","LocationMcKinneyTX","LocationMcKinneyTX","/texas/mckinney","matched before/after screenshots"
"/texas/plano","LocationPlanoTX","LocationPlanoTX","/texas/plano","matched before/after screenshots"
"/texas/round-rock","LocationRoundRockTX","LocationRoundRockTX","/texas/round-rock","matched before/after screenshots"
"/texas/san-antonio","LocationSanAntonioTX","LocationSanAntonioTX","/texas/san-antonio","matched before/after screenshots"
"/texas/sugar-land","LocationSugarLandTX","LocationSugarLandTX","/texas/sugar-land","matched before/after screenshots"
"/texas/the-woodlands","LocationTheWoodlandsTX","LocationTheWoodlandsTX","/texas/the-woodlands","matched before/after screenshots"
"/the-menopause-weight-loss-trap","BookPage","HTTP 301 redirect","/","before screenshot + redirect proof + destination screenshot"
"/virginia","LocationVirginia","LocationVirginia","/virginia","matched before/after screenshots"
"/virginia/alexandria","LocationAlexandriaVA","LocationAlexandriaVA","/virginia/alexandria","matched before/after screenshots"
"/virginia/arlington","LocationArlington","LocationArlington","/virginia/arlington","matched before/after screenshots"
"/virginia/culpeper","LocationCulpeperVA","LocationCulpeperVA","/virginia/culpeper","matched before/after screenshots"
"/virginia/falls-church","LocationFallsChurchVA","LocationFallsChurchVA","/virginia/falls-church","matched before/after screenshots"
"/virginia/fredericksburg","LocationFredericksburgVA","LocationFredericksburgVA","/virginia/fredericksburg","matched before/after screenshots"
"/virginia/great-falls","LocationGreatFalls","LocationGreatFalls","/virginia/great-falls","matched before/after screenshots"
"/virginia/herndon","LocationHerndonVA","LocationHerndonVA","/virginia/herndon","matched before/after screenshots"
"/virginia/leesburg","LocationLeesburgVA","LocationLeesburgVA","/virginia/leesburg","matched before/after screenshots"
"/virginia/mclean","LocationMcLean","LocationMcLean","/virginia/mclean","matched before/after screenshots"
"/virginia/middleburg","LocationMiddleburgVA","LocationMiddleburgVA","/virginia/middleburg","matched before/after screenshots"
"/virginia/reston","LocationReston","LocationReston","/virginia/reston","matched before/after screenshots"
"/virginia/tysons","LocationTysonsVA","LocationTysonsVA","/virginia/tysons","matched before/after screenshots"
"/virginia/vienna","LocationVienna","LocationVienna","/virginia/vienna","matched before/after screenshots"
"/virginia/warrenton","LocationWarrentonVA","LocationWarrentonVA","/virginia/warrenton","matched before/after screenshots"
"/washington-dc","LocationDC","LocationDC","/washington-dc","matched before/after screenshots"
"/washington-dc/capitol-hill","LocationCapitolHill","LocationCapitolHill","/washington-dc/capitol-hill","matched before/after screenshots"
"/washington-dc/chevy-chase-dc","LocationChevyChaseDC","LocationChevyChaseDC","/washington-dc/chevy-chase-dc","matched before/after screenshots"
"/washington-dc/dupont-circle","LocationDupontCircle","LocationDupontCircle","/washington-dc/dupont-circle","matched before/after screenshots"
"/washington-dc/friendship-heights","LocationFriendshipHeights","LocationFriendshipHeights","/washington-dc/friendship-heights","matched before/after screenshots"
"/washington-dc/georgetown","LocationGeorgetown","LocationGeorgetown","/washington-dc/georgetown","matched before/after screenshots"
