source_path	local_file	bytes	sha256
/manus-storage/4hormone_c3653d96_2c9f906e.png	files/4hormone_c3653d96_2c9f906e.png	1774390	e8f965dad02c0ab0ef6b8746dedddc09e5206caf15ed4ef1a8dc58bcf73ff362
/manus-storage/888486d6-25f3-4b61-b5ab-a33cba2caa2e_d2efec67.jpg	files/888486d6-25f3-4b61-b5ab-a33cba2caa2e_d2efec67.jpg	15227	5fa89af0ca15f868275cc7c408f44fd77a84c98291d531a8915d7e3f9cef527c
/manus-storage/Foundayo_569ed15f_2f7d1bed.jpeg	files/Foundayo_569ed15f_2f7d1bed.jpeg	94791	8821e3ba30acfaa521614446e2ea33f42b948945747699ad25af5f46a240170a
/manus-storage/Take2_0d0c5ce3.MP4	files/Take2_0d0c5ce3.MP4	466767915	6bb5be679ef2dde254b5bf65d58a9da441733a5d81b21ea1137274d6aee8b166
/manus-storage/Wegovypill_06012b53_af214ad9.jpeg	files/Wegovypill_06012b53_af214ad9.jpeg	86197	a0c7fdbcca9af604f9cd366f7a1dfe43349fd3cb8d63c8d473f4fe2bebdddfd1
/manus-storage/adapalene_v4_61099e38_fe1ec1c3.png	files/adapalene_v4_61099e38_fe1ec1c3.png	1607949	ec57ecb30e85487029db1a41bed48d500a53d36a270799bad10602fd6c30e7f0
/manus-storage/azelaicacid_v2_bf448066_9d294e99.png	files/azelaicacid_v2_bf448066_9d294e99.png	1622476	0e63381e8298fcea8b0bcf4e5726308010374e3d37844d0800548f4da21b4327
/manus-storage/benzoylperoxide_2ff178bd_8dcfd18b.png	files/benzoylperoxide_2ff178bd_8dcfd18b.png	1820046	33b4e09ee0165740165a3d94e83e1d0f79b002ee258be89bb8985c48f8a8275c
/manus-storage/biest_179b52e8_ddeae887.png	files/biest_179b52e8_ddeae887.png	1585989	5559545df9a535c0d12a9cc85f91898f2f2e1b07ad033fde21f06f2b5e7e7e2e
/manus-storage/bimatoprost_4b6063ef_f2eea21f.png	files/bimatoprost_4b6063ef_f2eea21f.png	1866242	f7f0f286d138b5551037a7d824c59298c074f629a1296c8f0b0d5a33081c85b1
/manus-storage/book-cover-og_12d66d6f.png	files/book-cover-og_12d66d6f.png	1872514	4ea94436ed278996ad4ec3305c4825c918262e17bc8297f2aaf125f73e3e1b83
/manus-storage/card1_1d57ccab.png	files/card1_1d57ccab.png	1887485	3e997598f98859eccd5f00005228f3bd56255f33c59a4ca1cb25e8934b3d4c92
/manus-storage/card2_9b9b7191.png	files/card2_9b9b7191.png	1497372	685d0569a9a994866aadf36f1d1ad033597ba842902eb506d052ffbbc3f603fb
/manus-storage/card3_b47ae6e7.png	files/card3_b47ae6e7.png	1810112	7e9474ed13305da732b6362a8269c949273280f8c48c8980a6324d5628415d91
/manus-storage/ciclopirox_ba847a79_562f2291.png	files/ciclopirox_ba847a79_562f2291.png	1716728	38e10975bb415b570861aace4c917c5ad32189d5d3754fcb928c5f2e8cb9b94a
/manus-storage/clindamycin_b0f4b92b_c6b63a7d.png	files/clindamycin_b0f4b92b_c6b63a7d.png	1611727	b472ac6328ebb66d298bd9136725dbbac68cfb9f84e9ef7e8b73ceda12f178cf
/manus-storage/coach-03-male-hispanic-40s_070f8371_01fe1184.png	files/coach-03-male-hispanic-40s_070f8371_01fe1184.png	111	a824bc7739e226e1b40ea0f8c4e4f4c6f796fc3b4abfa6e9abe3bd119a30d938
/manus-storage/coach-07-female-white-30s_410ae205_4bec2135.png	files/coach-07-female-white-30s_410ae205_4bec2135.png	111	a824bc7739e226e1b40ea0f8c4e4f4c6f796fc3b4abfa6e9abe3bd119a30d938
/manus-storage/coach-08-female-black-30s_cde302dd_fe6f4688.png	files/coach-08-female-black-30s_cde302dd_fe6f4688.png	111	a824bc7739e226e1b40ea0f8c4e4f4c6f796fc3b4abfa6e9abe3bd119a30d938
/manus-storage/coach-09-female-hispanic-30s_3e0dad17_514b13b8.png	files/coach-09-female-hispanic-30s_3e0dad17_514b13b8.png	111	a824bc7739e226e1b40ea0f8c4e4f4c6f796fc3b4abfa6e9abe3bd119a30d938
/manus-storage/coach-10-female-southasian-30s_e017da36_d1ce59a7.png	files/coach-10-female-southasian-30s_e017da36_d1ce59a7.png	111	a824bc7739e226e1b40ea0f8c4e4f4c6f796fc3b4abfa6e9abe3bd119a30d938
/manus-storage/coach-11-male-black-40s_629b9bbb_33cde463.png	files/coach-11-male-black-40s_629b9bbb_33cde463.png	111	a824bc7739e226e1b40ea0f8c4e4f4c6f796fc3b4abfa6e9abe3bd119a30d938
/manus-storage/coach-12-female-eastasian-40s_cd46a42f_63a47106.png	files/coach-12-female-eastasian-40s_cd46a42f_63a47106.png	111	a824bc7739e226e1b40ea0f8c4e4f4c6f796fc3b4abfa6e9abe3bd119a30d938
/manus-storage/dapsone_v3_09a2b776_045657a9.png	files/dapsone_v3_09a2b776_045657a9.png	1706955	7aeeb9e1c83ae4af0e63159eaf3ad5a65d2c6ceb3d68aab8903b8cca71d998ef
/manus-storage/dheacapsules_ee755e86_f8355c90.png	files/dheacapsules_ee755e86_f8355c90.png	1575904	42881b3576cb69d26de6390b31697d640d0d115325762e0f42d9b3c35baa23ee
/manus-storage/dr-aldeek-hero-2026_628d7e54_ddae4722.png	files/dr-aldeek-hero-2026_628d7e54_ddae4722.png	1992589	cf2aa2f537b910c85dba2d80c919389438f78065226d5f9b66e15f58f35bc59a
/manus-storage/dr-aldeek-hero_90d9f737.png	files/dr-aldeek-hero_90d9f737.png	1995097	13f0fb471a9257be7fb53d5c51e69d26cc8391b651121e7ddad4d4c59196ac0d
/manus-storage/dr-aldeek-holding-book_27c4bf09.png	files/dr-aldeek-holding-book_27c4bf09.png	2398960	dcdad0e7b42ecfb2079a76fbd2cfbdf45efc61d920f6bf959813e79ddd1d7215
/manus-storage/dutasteride_5c68aad7_a146599d.png	files/dutasteride_5c68aad7_a146599d.png	1727411	c176cca201ef12b43a80810f460057d7e4c3cc9c4dea31efb1b05dcfdf18b5d7
/manus-storage/faq_54577767.png	files/faq_54577767.png	899714	be0a4f89a5382dc8726992fe50065c0f6ddb4290917d1a8887fa60953efa9a99
/manus-storage/finasteride_91ef4261_7800773e.png	files/finasteride_91ef4261_7800773e.png	1641825	8c0ed59bf5c729b88cc187ee9414844042d3f00f9a1528f4380443d9247d410a
/manus-storage/form_22b5f11c.png	files/form_22b5f11c.png	1861466	2db616eeff9e72a62431ae634ca2e98e78328c9d798fb9ec18876e5f858fcf04
/manus-storage/foundayo-dark-v2_70c487ed.png	files/foundayo-dark-v2_70c487ed.png	1593193	31e476c0b8a8bf3a23e8cc52b545af05bb07c265494d64dfee7a63583250c87d
/manus-storage/glycolicacid_7fb074be_59b067d0.png	files/glycolicacid_7fb074be_59b067d0.png	1967314	5aa76d1ca714733cfb7e6932038ddfac0e37b51a325eac87e5ae9dce9cb4b4d8
/manus-storage/hero_c7b724be.png	files/hero_c7b724be.png	1548417	53b2db99a40ba8159c4f02546f0d0e5ce67e7977a9991ca8e082c1ad4089231c
/manus-storage/hydroquinone_0120a995_d1e513fd.png	files/hydroquinone_0120a995_d1e513fd.png	1994175	32f5a3a3a77ebd6fc853be6d24387b0e301ef3c18d64c4c42d78cfaabac43bee
/manus-storage/ignite-program-card-v3_7203d5db.png	files/ignite-program-card-v3_7203d5db.png	1646528	206a3066669ce8c1a5dbc7d22f8afd8af23421cae7c0704cb63b69965fcd88ef
/manus-storage/ketoconazole_f2b74b1f_d9a0703f.png	files/ketoconazole_f2b74b1f_d9a0703f.png	1676774	4928831f746930788783ce5145b0f43b98d362cee904d9e89892c9df45912fae
/manus-storage/latisse_8202dd46_05b22cf1.png	files/latisse_8202dd46_05b22cf1.png	1674879	e03cc1df9fb2f0422070d55ef41e340cfc7b5e98e8e365fb096e7cf4893814ef
/manus-storage/longevity-card_5cb8f20e.png	files/longevity-card_5cb8f20e.png	141700	6feeeed73a5440c55f9b5e40ece8abc369d16079b7a540b9c44eb8b09f8a1f4e
/manus-storage/medmethod-logo-navbar_99a2ea82.png	files/medmethod-logo-navbar_99a2ea82.png	718248	d98a6cd7ba3b00cb3d2631090d0fae20bd8ce1c20f5cc9ae73b7a10eeec9d0f1
/manus-storage/minoxidil-5_b8936bc5_ab4f0ac3.png	files/minoxidil-5_b8936bc5_ab4f0ac3.png	1638191	fe2bc3b584889cd4666c02212aa8a877a1e2f5e7ec40387d69ac548b21fa50ab
/manus-storage/minoxidil-finasteride-combo_009cb028_90774d76.png	files/minoxidil-finasteride-combo_009cb028_90774d76.png	1589156	b7d2de1c93144d8cb129ebed2f9583ecf79f1bc7ed76b5ac56ed55c6709c243f
/manus-storage/oral-minoxidil-new_04bbc7e7_7869e08b.png	files/oral-minoxidil-new_04bbc7e7_7869e08b.png	1661399	ecc8e3f2c1757ecbb92880228582e7dabb7200633768e6b127326383800dbdbe
/manus-storage/oralsemaglutidev2_ed023e6c_4de2326d.png	files/oralsemaglutidev2_ed023e6c_4de2326d.png	1739125	d4bb9d17c7ca49d67588bf2f1c25d633ffbc0fdf19dd723a56879d2f581715aa
/manus-storage/oraltirze_5b190778_2119af90.png	files/oraltirze_5b190778_2119af90.png	1516471	cb657e4f79392b2e3550965208e8758aa20c03a6c55c4c6467a291067307c8ee
/manus-storage/pasted_file_H8dopF_d7397dc9-d351-4e90-b0cf-c51dcc3978b6_eeea80eb.png	files/pasted_file_H8dopF_d7397dc9-d351-4e90-b0cf-c51dcc3978b6_eeea80eb.png	1992589	cf2aa2f537b910c85dba2d80c919389438f78065226d5f9b66e15f58f35bc59a
/manus-storage/patchv2_0f258fe0_49523870.png	files/patchv2_0f258fe0_49523870.png	1792637	e4c5c529dd26a21e4c58209ddc616e802b77ec6c2bcee5afc25215d1e5173942
/manus-storage/phone-activity-clean_041c6f51.png	files/phone-activity-clean_041c6f51.png	253624	1786aa35dd84fafb7fafdd43c5bdf56676ea653e4d1fc2dc4120a422b8ca34cc
/manus-storage/phone-fitness-clean_3f2a98b1.png	files/phone-fitness-clean_3f2a98b1.png	214582	a75a83167f9055a67ecdb7525940d159a46f6194d64459ae05cd8fda24f1c174
/manus-storage/phone-nutrition-clean_bd4955cb.png	files/phone-nutrition-clean_bd4955cb.png	279984	899d1b9852b6a30eab751a1b42791488bc36f574e406c0f4394c7610dedb7a6a
/manus-storage/phone-progress-clean_45ba2cdd.png	files/phone-progress-clean_45ba2cdd.png	312608	fb1ceb8e7268eed3c0e5d12f6f57d4278708571c428b9d6159a0ed9207d75870
/manus-storage/phone_activity_trimmed_bce06435.png	files/phone_activity_trimmed_bce06435.png	137665	4bfae1ac6f861017c3f79d63bab6774777d8f695b14ea8c2449d8405aec30f23
/manus-storage/phone_nutrition_trimmed_97f21361.png	files/phone_nutrition_trimmed_97f21361.png	271677	a9a3be412733091f85e0e5c5acc62bb2fc836bde19142d6aa1e002eefa8aa4b1
/manus-storage/phone_progress_trimmed_b93118b6.png	files/phone_progress_trimmed_b93118b6.png	127156	68a153c1c7418104ecbd3efbf4c557ad36e015bdbc5ccc73b063ed1b26591a49
/manus-storage/phone_workout_trimmed_5ff2e831.png	files/phone_workout_trimmed_5ff2e831.png	567874	b3fa35ad6b3d254fb993133bc6e0fd904f0177d1df2cae3622db3c05aed6d875
/manus-storage/progesterone_0ae7daa8_3479ebfe.png	files/progesterone_0ae7daa8_3479ebfe.png	1667658	f26ff841705c86f53fea7f96f10fea13f75d07742ccc8a9f3f7ddbb12b2375dc
/manus-storage/salicylicacid_a956be0b_d728e8e6.png	files/salicylicacid_a956be0b_d728e8e6.png	1940594	9c572700a2c876be00e98940693dfa93345a9f5ee4982ffcd942f3d2046847ff
/manus-storage/sec3_baae4735.png	files/sec3_baae4735.png	765551	5ef5afc42efd30dda2a0f1e5af0af998d475cba2483610f4037d9fafca0b8f4f
/manus-storage/sec4left_6748e484.png	files/sec4left_6748e484.png	1715256	fd18f9a8b2f7c923947e131e2ce135175e314ecb87afc18c6a65fb00aacdd9fb
/manus-storage/selenium_4ca6403c_a46a3c6e.png	files/selenium_4ca6403c_a46a3c6e.png	1713861	24ba328058b8b70ef978f99dc0bdd269101e8d41f3e11a14de61e2f46a201f70
/manus-storage/semaglutideb12v2_89b7b383_056326d3.png	files/semaglutideb12v2_89b7b383_056326d3.png	1824447	ddd9d8c94ddc4c7292b693226860aff719ce6d41d408fd0a0ecf44954a11723d
/manus-storage/spironolactone_48650ef8_9b8e2b53.png	files/spironolactone_48650ef8_9b8e2b53.png	1640452	549f703e684980eeb6f10a114349ad35716d5fbf4d2609c59f741d4fae1ea1e5
/manus-storage/tazarotene_v2_fcf3cca9_95e7dfa1.png	files/tazarotene_v2_fcf3cca9_95e7dfa1.png	1893355	3f251b752f975ee9ed740ba25af4c5182201a69e8b568c7d0de2570e933bc5f9
/manus-storage/testocream_20960034_d29c8388.png	files/testocream_20960034_d29c8388.png	1798008	8205b8296608239e4aed9485995a043a552c31def3489622d7b9d8d01cd1685c
/manus-storage/testocreammetered_397b8bc6_10ecf81c.png	files/testocreammetered_397b8bc6_10ecf81c.png	1610452	2cc67fe32f7e64256b477d8e39c5ddbb16155d262ca94a522e1a6446f53bac2d
/manus-storage/tirzepatidev2_7c07c418_77c3ca8c.png	files/tirzepatidev2_7c07c418_77c3ca8c.png	1763974	3714ede7f162de1054b1a2ded1c018bb23696d2eb0a3f5600d71e6fb752124c1
/manus-storage/topical-finasteride_0a06ba59_f7179194.png	files/topical-finasteride_0a06ba59_f7179194.png	1753316	093c58d7771878985c6fd59d499afe38374674675d92eb91f6b3313178ad3e08
/manus-storage/tranexamicacid_a087e180_2e3dfcef.png	files/tranexamicacid_a087e180_2e3dfcef.png	1676722	2a2bdda541c624da2dfb52b96605d86c65ec6b898c54e6e6ea7873cd5cfc5a17
/manus-storage/transformation-card_86b62a37.jpg	files/transformation-card_86b62a37.jpg	313402	4c618b1bb40d426740df8c09e79ee1fb066f0506cb965207b2638e54ba23d262
/manus-storage/tretinoin_v2_52825a15_90644220.png	files/tretinoin_v2_52825a15_90644220.png	1751739	4619d813738138eafa1fb9eacc98a3514083bd9b99da01cabc8e49816a9be800
/manus-storage/triplecream_8955ce3e_5b73a959.png	files/triplecream_8955ce3e_5b73a959.png	1767109	eb0d75cc80ff55d6b2f4e30845b9e4ba4df9723e615e03612aa41cad55c9e69b
/manus-storage/vaginalestrogen_f54954dd_0f636a37.png	files/vaginalestrogen_f54954dd_0f636a37.png	1759398	9bdbb750dc38d29d43cbd13e4ba0a45ad76ce6163297f05c9bd0d85f456e909e
/manus-storage/vitamins-supplements-v3_09616af9.png	files/vitamins-supplements-v3_09616af9.png	1899104	d64b78eacf622cbf463195a5e91ad395366ad64022e8c55b6862deb4b13ba902
/manus-storage/wegovy-pen-dark-v2_dc45550a.png	files/wegovy-pen-dark-v2_dc45550a.png	1642848	f03523df9a079943518bcd47c5ac22e7fde071170a926c183a617e07c1dcef3d
/manus-storage/wegovy-pill-dark_fe6ce9f7.png	files/wegovy-pill-dark_fe6ce9f7.png	1423704	48cb1605b3372ace806c8c0cb3006c8a6879a4af4e3f5359fe7e5f507da6c4e2
/manus-storage/wegovy_182c2026_a4847894.jpeg	files/wegovy_182c2026_a4847894.jpeg	79687	22dbc9e2c9ed007675b7f11be07bbd87c0366ba77d60603721a00fdb9195270c
/manus-storage/wl2-dr-aldeek-hero_8cc8a264.webp	files/wl2-dr-aldeek-hero_8cc8a264.webp	67000	f936ddce71b24bc943a534cc485507eb5d360aeeb5b5f8c1ea47a1e0547baab8
/manus-storage/wl2-medmethod-logo_7ec29944.webp	files/wl2-medmethod-logo_7ec29944.webp	13316	77ab44fae68cb21d75cce0793286281995037faf53568840bcfad3a9c4cbb3ba
/manus-storage/zepbound-dark-v2_664c26d8.png	files/zepbound-dark-v2_664c26d8.png	1646091	c1150bad884ce49e8efe257a72b4c1b8904230a0cf775c8241679b69e08927fe
/manus-storage/zepbound_4bda9ad3_7b01e991.jpeg	files/zepbound_4bda9ad3_7b01e991.jpeg	75130	cbd3671ab974221da0bcf7d9fb637aaac23a6d4d430e1e49f430d73cfd434334
